<?xml version="1.0" encoding="UTF-8"?>

<mule xmlns:http="http://www.mulesoft.org/schema/mule/http" xmlns="http://www.mulesoft.org/schema/mule/core"
	xmlns:doc="http://www.mulesoft.org/schema/mule/documentation"
	xmlns:xsi="http://www.w3.org/2001/XMLSchema-instance" xsi:schemaLocation="http://www.mulesoft.org/schema/mule/core http://www.mulesoft.org/schema/mule/core/current/mule.xsd
http://www.mulesoft.org/schema/mule/http http://www.mulesoft.org/schema/mule/http/current/mule-http.xsd">
	<http:listener-config name="HTTP_Listener_config" doc:name="HTTP Listener config" doc:id="b798e071-3c71-4e62-a12e-f813727bd206" >
		<http:listener-connection host="0.0.0.0" port="8081" />
	</http:listener-config>
	<http:request-config name="HTTP_Request_configuration" doc:name="HTTP Request configuration" doc:id="db41dd3a-6c0b-4f58-8031-2f5e095f4a9a" >
		<http:request-connection host="localhost" port="8081" />
	</http:request-config>
	<flow name="helloFlow" doc:id="3cdc8bc6-322c-4ca5-8de4-59914c57931a" >
		<http:listener doc:name="GET /hello" doc:id="26593d46-1da2-4dbe-a131-5d2accb2a9f4" config-ref="HTTP_Listener_config" path="/hello" allowedMethods="GET">
			<http:response reasonPhrase="Success" >
				<http:headers ><![CDATA[#[output application/java
---
{
	"name" : vars.firstName
}]]]></http:headers>
			</http:response>
		</http:listener>
		<set-variable value="#[message.attributes.queryParams.fname]" doc:name="firstName" doc:id="7564e2f2-cb58-43b2-8990-7ff03ff4feb8" variableName="firstName"/>
		<set-payload value="Hello" doc:name="Hello" doc:id="c9a668de-53d3-4cac-b4f9-3b4b909855ff" />
		<http:request method="GET" doc:name="GET /goodbye" doc:id="b467fde3-dd21-405f-9985-21f6cbc775c4" config-ref="HTTP_Request_configuration" path="/goodbye">
			<http:query-params ><![CDATA[#[output application/java
---
{
	"fullName" : "Max Mule"
}]]]></http:query-params>
		</http:request>
		<logger level="INFO" doc:name="Logger" doc:id="b6f6b9d8-6456-4488-a376-cbc9ce4cdb61" message="#['\nMessage: ' ++ payload]"/>
	</flow>
	<flow name="goodbyeFlow" doc:id="bc4a94a2-4664-4fd5-acee-f18c3ffd6211" >
		<http:listener doc:name="GET /goodbye" doc:id="601874df-7d10-42fd-9862-ef946bafd262" config-ref="HTTP_Listener_config" path="/goodbye"/>
		<set-payload value="#[upper('goodbye')++ ' ' ++ (attributes.queryParams.fullName default 'surya')]" doc:name="Goodbye" doc:id="bbcb040b-a0ed-4fd5-98e2-cc93e0e8f819" />
		<logger level="INFO" doc:name="Logger" doc:id="aaa8f5da-e765-4495-9ec2-36e70efc976d" message="#[attributes.queryParams.fullname]"/>
	</flow>
</mule>
